,frame,x,y,r,namefr,sample_rate
0,1,208,68,123,framenr_1_framevid_green_tree_frog_example1,29.97002997002997
1,2,292,236,122,framenr_2_framevid_green_tree_frog_example1,29.97002997002997
2,3,400,150,90,framenr_3_framevid_green_tree_frog_example1,29.97002997002997
3,4,208,82,111,framenr_4_framevid_green_tree_frog_example1,29.97002997002997
4,5,326,190,89,framenr_5_framevid_green_tree_frog_example1,29.97002997002997
5,6,208,74,118,framenr_6_framevid_green_tree_frog_example1,29.97002997002997
6,7,206,88,103,framenr_7_framevid_green_tree_frog_example1,29.97002997002997
7,8,206,76,114,framenr_8_framevid_green_tree_frog_example1,29.97002997002997
8,9,272,108,47,framenr_9_framevid_green_tree_frog_example1,29.97002997002997
9,10,208,78,113,framenr_10_framevid_green_tree_frog_example1,29.97002997002997
10,11,414,186,114,framenr_11_framevid_green_tree_frog_example1,29.97002997002997
11,12,420,190,120,framenr_12_framevid_green_tree_frog_example1,29.97002997002997
12,13,424,194,123,framenr_13_framevid_green_tree_frog_example1,29.97002997002997
13,14,420,180,110,framenr_14_framevid_green_tree_frog_example1,29.97002997002997
14,15,202,104,83,framenr_15_framevid_green_tree_frog_example1,29.97002997002997
15,16,424,188,116,framenr_16_framevid_green_tree_frog_example1,29.97002997002997
16,17,204,76,111,framenr_17_framevid_green_tree_frog_example1,29.97002997002997
17,18,420,190,120,framenr_18_framevid_green_tree_frog_example1,29.97002997002997
18,19,420,178,108,framenr_19_framevid_green_tree_frog_example1,29.97002997002997
19,20,418,176,105,framenr_20_framevid_green_tree_frog_example1,29.97002997002997
20,21,316,242,100,framenr_21_framevid_green_tree_frog_example1,29.97002997002997
21,22,320,244,104,framenr_22_framevid_green_tree_frog_example1,29.97002997002997
22,23,196,120,69,framenr_23_framevid_green_tree_frog_example1,29.97002997002997
23,24,196,122,67,framenr_24_framevid_green_tree_frog_example1,29.97002997002997
24,25,200,82,105,framenr_25_framevid_green_tree_frog_example1,29.97002997002997
25,26,420,154,83,framenr_26_framevid_green_tree_frog_example1,29.97002997002997
26,27,194,122,65,framenr_27_framevid_green_tree_frog_example1,29.97002997002997
27,28,368,188,37,framenr_28_framevid_green_tree_frog_example1,29.97002997002997
28,29,374,176,50,framenr_29_framevid_green_tree_frog_example1,29.97002997002997
29,30,182,126,67,framenr_30_framevid_green_tree_frog_example1,29.97002997002997
30,31,188,122,64,framenr_31_framevid_green_tree_frog_example1,29.97002997002997
31,32,190,90,96,framenr_32_framevid_green_tree_frog_example1,29.97002997002997
32,33,412,156,85,framenr_33_framevid_green_tree_frog_example1,29.97002997002997
33,34,186,92,95,framenr_34_framevid_green_tree_frog_example1,29.97002997002997
34,35,182,94,91,framenr_35_framevid_green_tree_frog_example1,29.97002997002997
35,36,376,172,56,framenr_36_framevid_green_tree_frog_example1,29.97002997002997
36,37,408,134,63,framenr_37_framevid_green_tree_frog_example1,29.97002997002997
37,38,178,130,55,framenr_38_framevid_green_tree_frog_example1,29.97002997002997
38,39,178,134,52,framenr_39_framevid_green_tree_frog_example1,29.97002997002997
39,40,178,92,93,framenr_40_framevid_green_tree_frog_example1,29.97002997002997
40,41,308,244,123,framenr_41_framevid_green_tree_frog_example1,29.97002997002997
41,42,298,240,112,framenr_42_framevid_green_tree_frog_example1,29.97002997002997
42,43,170,124,61,framenr_43_framevid_green_tree_frog_example1,29.97002997002997
43,44,308,244,122,framenr_44_framevid_green_tree_frog_example1,29.97002997002997
44,45,60,62,58,framenr_45_framevid_green_tree_frog_example1,29.97002997002997
45,46,410,140,75,framenr_46_framevid_green_tree_frog_example1,29.97002997002997
46,47,180,78,108,framenr_47_framevid_green_tree_frog_example1,29.97002997002997
47,48,278,174,105,framenr_48_framevid_green_tree_frog_example1,29.97002997002997
48,49,180,108,77,framenr_49_framevid_green_tree_frog_example1,29.97002997002997
49,50,186,142,42,framenr_50_framevid_green_tree_frog_example1,29.97002997002997
50,51,178,110,72,framenr_51_framevid_green_tree_frog_example1,29.97002997002997
51,52,278,184,120,framenr_52_framevid_green_tree_frog_example1,29.97002997002997
52,53,328,178,30,framenr_53_framevid_green_tree_frog_example1,29.97002997002997
53,54,404,174,104,framenr_54_framevid_green_tree_frog_example1,29.97002997002997
54,55,190,70,112,framenr_55_framevid_green_tree_frog_example1,29.97002997002997
55,56,192,70,112,framenr_56_framevid_green_tree_frog_example1,29.97002997002997
56,57,194,72,110,framenr_57_framevid_green_tree_frog_example1,29.97002997002997
57,58,198,90,94,framenr_58_framevid_green_tree_frog_example1,29.97002997002997
58,59,196,112,73,framenr_59_framevid_green_tree_frog_example1,29.97002997002997
59,60,102,26,66,framenr_60_framevid_green_tree_frog_example1,29.97002997002997
60,61,408,150,84,framenr_61_framevid_green_tree_frog_example1,29.97002997002997
61,62,100,24,68,framenr_62_framevid_green_tree_frog_example1,29.97002997002997
62,63,100,26,65,framenr_63_framevid_green_tree_frog_example1,29.97002997002997
63,64,204,88,96,framenr_64_framevid_green_tree_frog_example1,29.97002997002997
64,65,290,186,120,framenr_65_framevid_green_tree_frog_example1,29.97002997002997
65,66,292,190,124,framenr_66_framevid_green_tree_frog_example1,29.97002997002997
66,67,452,84,66,framenr_67_framevid_green_tree_frog_example1,29.97002997002997
67,68,100,22,70,framenr_68_framevid_green_tree_frog_example1,29.97002997002997
68,69,196,98,84,framenr_69_framevid_green_tree_frog_example1,29.97002997002997
69,70,202,94,89,framenr_70_framevid_green_tree_frog_example1,29.97002997002997
70,71,196,112,70,framenr_71_framevid_green_tree_frog_example1,29.97002997002997
71,72,204,72,108,framenr_72_framevid_green_tree_frog_example1,29.97002997002997
72,73,202,92,88,framenr_73_framevid_green_tree_frog_example1,29.97002997002997
73,74,88,46,70,framenr_74_framevid_green_tree_frog_example1,29.97002997002997
74,75,198,114,66,framenr_75_framevid_green_tree_frog_example1,29.97002997002997
75,76,202,74,106,framenr_76_framevid_green_tree_frog_example1,29.97002997002997
76,77,464,142,109,framenr_77_framevid_green_tree_frog_example1,29.97002997002997
77,78,202,70,109,framenr_78_framevid_green_tree_frog_example1,29.97002997002997
78,79,196,106,74,framenr_79_framevid_green_tree_frog_example1,29.97002997002997
79,80,274,180,86,framenr_80_framevid_green_tree_frog_example1,29.97002997002997
80,81,196,82,41,framenr_81_framevid_green_tree_frog_example1,29.97002997002997
81,82,276,174,81,framenr_82_framevid_green_tree_frog_example1,29.97002997002997
82,83,336,182,24,framenr_83_framevid_green_tree_frog_example1,29.97002997002997
83,84,334,180,25,framenr_84_framevid_green_tree_frog_example1,29.97002997002997
84,85,76,84,74,framenr_85_framevid_green_tree_frog_example1,29.97002997002997
85,86,198,106,77,framenr_86_framevid_green_tree_frog_example1,29.97002997002997
86,87,198,106,77,framenr_87_framevid_green_tree_frog_example1,29.97002997002997
87,88,454,174,113,framenr_88_framevid_green_tree_frog_example1,29.97002997002997
88,89,198,72,110,framenr_89_framevid_green_tree_frog_example1,29.97002997002997
89,90,454,180,120,framenr_90_framevid_green_tree_frog_example1,29.97002997002997
90,91,198,110,74,framenr_91_framevid_green_tree_frog_example1,29.97002997002997
91,92,196,114,70,framenr_92_framevid_green_tree_frog_example1,29.97002997002997
92,93,200,76,108,framenr_93_framevid_green_tree_frog_example1,29.97002997002997
93,94,204,88,98,framenr_94_framevid_green_tree_frog_example1,29.97002997002997
94,95,198,116,69,framenr_95_framevid_green_tree_frog_example1,29.97002997002997
95,96,468,184,123,framenr_96_framevid_green_tree_frog_example1,29.97002997002997
96,97,322,164,82,framenr_97_framevid_green_tree_frog_example1,29.97002997002997
97,98,462,176,114,framenr_98_framevid_green_tree_frog_example1,29.97002997002997
98,99,324,158,74,framenr_99_framevid_green_tree_frog_example1,29.97002997002997
99,100,204,90,98,framenr_100_framevid_green_tree_frog_example1,29.97002997002997
100,101,322,148,65,framenr_101_framevid_green_tree_frog_example1,29.97002997002997
101,102,200,124,65,framenr_102_framevid_green_tree_frog_example1,29.97002997002997
102,103,204,76,113,framenr_103_framevid_green_tree_frog_example1,29.97002997002997
103,104,198,124,65,framenr_104_framevid_green_tree_frog_example1,29.97002997002997
104,105,320,158,72,framenr_105_framevid_green_tree_frog_example1,29.97002997002997
105,106,320,156,70,framenr_106_framevid_green_tree_frog_example1,29.97002997002997
106,107,316,170,82,framenr_107_framevid_green_tree_frog_example1,29.97002997002997
107,108,200,92,100,framenr_108_framevid_green_tree_frog_example1,29.97002997002997
108,109,320,156,67,framenr_109_framevid_green_tree_frog_example1,29.97002997002997
109,110,424,192,114,framenr_110_framevid_green_tree_frog_example1,29.97002997002997
110,111,318,162,71,framenr_111_framevid_green_tree_frog_example1,29.97002997002997
111,112,446,198,120,framenr_112_framevid_green_tree_frog_example1,29.97002997002997
112,113,318,164,72,framenr_113_framevid_green_tree_frog_example1,29.97002997002997
113,114,286,180,104,framenr_114_framevid_green_tree_frog_example1,29.97002997002997
114,115,286,172,98,framenr_115_framevid_green_tree_frog_example1,29.97002997002997
115,116,448,70,98,framenr_116_framevid_green_tree_frog_example1,29.97002997002997
116,117,58,146,120,framenr_117_framevid_green_tree_frog_example1,29.97002997002997
117,118,58,146,121,framenr_118_framevid_green_tree_frog_example1,29.97002997002997
118,119,58,146,121,framenr_119_framevid_green_tree_frog_example1,29.97002997002997
119,120,58,134,108,framenr_120_framevid_green_tree_frog_example1,29.97002997002997
120,121,60,146,121,framenr_121_framevid_green_tree_frog_example1,29.97002997002997
121,122,194,86,110,framenr_122_framevid_green_tree_frog_example1,29.97002997002997
122,123,460,58,115,framenr_123_framevid_green_tree_frog_example1,29.97002997002997
123,124,466,56,117,framenr_124_framevid_green_tree_frog_example1,29.97002997002997
124,125,312,254,110,framenr_125_framevid_green_tree_frog_example1,29.97002997002997
125,126,460,74,98,framenr_126_framevid_green_tree_frog_example1,29.97002997002997
126,127,464,64,109,framenr_127_framevid_green_tree_frog_example1,29.97002997002997
127,128,320,268,123,framenr_128_framevid_green_tree_frog_example1,29.97002997002997
128,129,320,268,123,framenr_129_framevid_green_tree_frog_example1,29.97002997002997
129,130,190,138,63,framenr_130_framevid_green_tree_frog_example1,29.97002997002997
130,131,178,40,106,framenr_131_framevid_green_tree_frog_example1,29.97002997002997
131,132,178,40,106,framenr_132_framevid_green_tree_frog_example1,29.97002997002997
132,133,186,140,66,framenr_133_framevid_green_tree_frog_example1,29.97002997002997
133,134,196,94,108,framenr_134_framevid_green_tree_frog_example1,29.97002997002997
134,135,196,126,77,framenr_135_framevid_green_tree_frog_example1,29.97002997002997
135,136,200,94,110,framenr_136_framevid_green_tree_frog_example1,29.97002997002997
136,137,418,102,60,framenr_137_framevid_green_tree_frog_example1,29.97002997002997
137,138,202,124,80,framenr_138_framevid_green_tree_frog_example1,29.97002997002997
138,139,320,258,106,framenr_139_framevid_green_tree_frog_example1,29.97002997002997
139,140,182,42,104,framenr_140_framevid_green_tree_frog_example1,29.97002997002997
140,141,182,50,95,framenr_141_framevid_green_tree_frog_example1,29.97002997002997
141,142,206,126,82,framenr_142_framevid_green_tree_frog_example1,29.97002997002997
142,143,180,30,116,framenr_143_framevid_green_tree_frog_example1,29.97002997002997
143,144,182,46,100,framenr_144_framevid_green_tree_frog_example1,29.97002997002997
144,145,184,42,105,framenr_145_framevid_green_tree_frog_example1,29.97002997002997
145,146,174,142,64,framenr_146_framevid_green_tree_frog_example1,29.97002997002997
146,147,174,142,63,framenr_147_framevid_green_tree_frog_example1,29.97002997002997
147,148,174,38,110,framenr_148_framevid_green_tree_frog_example1,29.97002997002997
148,149,208,150,65,framenr_149_framevid_green_tree_frog_example1,29.97002997002997
149,150,182,38,110,framenr_150_framevid_green_tree_frog_example1,29.97002997002997
150,151,184,44,104,framenr_151_framevid_green_tree_frog_example1,29.97002997002997
151,152,212,150,65,framenr_152_framevid_green_tree_frog_example1,29.97002997002997
152,153,468,80,96,framenr_153_framevid_green_tree_frog_example1,29.97002997002997
153,154,408,202,59,framenr_154_framevid_green_tree_frog_example1,29.97002997002997
154,155,378,216,31,framenr_155_framevid_green_tree_frog_example1,29.97002997002997
155,156,422,178,85,framenr_156_framevid_green_tree_frog_example1,29.97002997002997
156,157,410,214,48,framenr_157_framevid_green_tree_frog_example1,29.97002997002997
157,158,340,276,112,framenr_158_framevid_green_tree_frog_example1,29.97002997002997
158,159,326,232,123,framenr_159_framevid_green_tree_frog_example1,29.97002997002997
159,160,416,206,57,framenr_160_framevid_green_tree_frog_example1,29.97002997002997
160,161,362,206,30,framenr_161_framevid_green_tree_frog_example1,29.97002997002997
161,162,224,148,65,framenr_162_framevid_green_tree_frog_example1,29.97002997002997
162,163,226,148,64,framenr_163_framevid_green_tree_frog_example1,29.97002997002997
163,164,226,148,64,framenr_164_framevid_green_tree_frog_example1,29.97002997002997
164,165,370,200,34,framenr_165_framevid_green_tree_frog_example1,29.97002997002997
165,166,228,146,64,framenr_166_framevid_green_tree_frog_example1,29.97002997002997
166,167,330,230,69,framenr_167_framevid_green_tree_frog_example1,29.97002997002997
167,168,500,226,57,framenr_168_framevid_green_tree_frog_example1,29.97002997002997
168,169,234,156,55,framenr_169_framevid_green_tree_frog_example1,29.97002997002997
169,170,234,156,55,framenr_170_framevid_green_tree_frog_example1,29.97002997002997
170,171,232,154,55,framenr_171_framevid_green_tree_frog_example1,29.97002997002997
171,172,232,154,55,framenr_172_framevid_green_tree_frog_example1,29.97002997002997
172,173,394,210,30,framenr_173_framevid_green_tree_frog_example1,29.97002997002997
173,174,382,208,28,framenr_174_framevid_green_tree_frog_example1,29.97002997002997
174,175,228,152,55,framenr_175_framevid_green_tree_frog_example1,29.97002997002997
175,176,368,200,28,framenr_176_framevid_green_tree_frog_example1,29.97002997002997
176,177,438,174,84,framenr_177_framevid_green_tree_frog_example1,29.97002997002997
177,178,370,192,35,framenr_178_framevid_green_tree_frog_example1,29.97002997002997
178,179,230,152,53,framenr_179_framevid_green_tree_frog_example1,29.97002997002997
179,180,230,148,54,framenr_180_framevid_green_tree_frog_example1,29.97002997002997
180,181,372,190,37,framenr_181_framevid_green_tree_frog_example1,29.97002997002997
181,182,372,188,39,framenr_182_framevid_green_tree_frog_example1,29.97002997002997
182,183,366,194,30,framenr_183_framevid_green_tree_frog_example1,29.97002997002997
183,184,366,198,26,framenr_184_framevid_green_tree_frog_example1,29.97002997002997
184,185,362,202,21,framenr_185_framevid_green_tree_frog_example1,29.97002997002997
185,186,218,146,59,framenr_186_framevid_green_tree_frog_example1,29.97002997002997
186,187,376,204,26,framenr_187_framevid_green_tree_frog_example1,29.97002997002997
187,188,374,204,26,framenr_188_framevid_green_tree_frog_example1,29.97002997002997
188,189,362,204,25,framenr_189_framevid_green_tree_frog_example1,29.97002997002997
189,190,352,200,23,framenr_190_framevid_green_tree_frog_example1,29.97002997002997
190,191,356,196,30,framenr_191_framevid_green_tree_frog_example1,29.97002997002997
191,192,212,148,55,framenr_192_framevid_green_tree_frog_example1,29.97002997002997
192,193,356,192,37,framenr_193_framevid_green_tree_frog_example1,29.97002997002997
193,194,354,190,37,framenr_194_framevid_green_tree_frog_example1,29.97002997002997
194,195,354,192,38,framenr_195_framevid_green_tree_frog_example1,29.97002997002997
195,196,150,140,53,framenr_196_framevid_green_tree_frog_example1,29.97002997002997
196,197,354,194,36,framenr_197_framevid_green_tree_frog_example1,29.97002997002997
197,198,348,202,29,framenr_198_framevid_green_tree_frog_example1,29.97002997002997
198,199,206,152,56,framenr_199_framevid_green_tree_frog_example1,29.97002997002997
199,200,354,212,28,framenr_200_framevid_green_tree_frog_example1,29.97002997002997
200,201,310,208,66,framenr_201_framevid_green_tree_frog_example1,29.97002997002997
201,202,208,114,92,framenr_202_framevid_green_tree_frog_example1,29.97002997002997
202,203,324,184,38,framenr_203_framevid_green_tree_frog_example1,29.97002997002997
203,204,344,208,23,framenr_204_framevid_green_tree_frog_example1,29.97002997002997
204,205,210,86,121,framenr_205_framevid_green_tree_frog_example1,29.97002997002997
205,206,206,148,60,framenr_206_framevid_green_tree_frog_example1,29.97002997002997
206,207,208,156,52,framenr_207_framevid_green_tree_frog_example1,29.97002997002997
207,208,206,154,55,framenr_208_framevid_green_tree_frog_example1,29.97002997002997
208,209,204,148,62,framenr_209_framevid_green_tree_frog_example1,29.97002997002997
209,210,204,152,60,framenr_210_framevid_green_tree_frog_example1,29.97002997002997
210,211,204,146,65,framenr_211_framevid_green_tree_frog_example1,29.97002997002997
211,212,206,154,59,framenr_212_framevid_green_tree_frog_example1,29.97002997002997
212,213,376,212,38,framenr_213_framevid_green_tree_frog_example1,29.97002997002997
213,214,376,214,35,framenr_214_framevid_green_tree_frog_example1,29.97002997002997
214,215,372,214,30,framenr_215_framevid_green_tree_frog_example1,29.97002997002997
215,216,204,148,64,framenr_216_framevid_green_tree_frog_example1,29.97002997002997
216,217,202,150,61,framenr_217_framevid_green_tree_frog_example1,29.97002997002997
217,218,368,208,30,framenr_218_framevid_green_tree_frog_example1,29.97002997002997
218,219,202,152,55,framenr_219_framevid_green_tree_frog_example1,29.97002997002997
219,220,348,200,28,framenr_220_framevid_green_tree_frog_example1,29.97002997002997
220,221,350,196,31,framenr_221_framevid_green_tree_frog_example1,29.97002997002997
221,222,354,184,40,framenr_222_framevid_green_tree_frog_example1,29.97002997002997
222,223,352,180,37,framenr_223_framevid_green_tree_frog_example1,29.97002997002997
223,224,350,180,38,framenr_224_framevid_green_tree_frog_example1,29.97002997002997
224,225,158,84,31,framenr_225_framevid_green_tree_frog_example1,29.97002997002997
225,226,174,108,6,framenr_226_framevid_green_tree_frog_example1,29.97002997002997
226,227,154,134,38,framenr_227_framevid_green_tree_frog_example1,29.97002997002997
227,228,356,178,37,framenr_228_framevid_green_tree_frog_example1,29.97002997002997
228,229,12,28,5,framenr_229_framevid_green_tree_frog_example1,29.97002997002997
229,230,NA,NA,NA,framenr_230_framevid_green_tree_frog_example1,29.97002997002997
230,231,NA,NA,NA,framenr_231_framevid_green_tree_frog_example1,29.97002997002997
231,232,NA,NA,NA,framenr_232_framevid_green_tree_frog_example1,29.97002997002997
232,233,NA,NA,NA,framenr_233_framevid_green_tree_frog_example1,29.97002997002997
233,234,4,118,9,framenr_234_framevid_green_tree_frog_example1,29.97002997002997
234,235,NA,NA,NA,framenr_235_framevid_green_tree_frog_example1,29.97002997002997
235,236,NA,NA,NA,framenr_236_framevid_green_tree_frog_example1,29.97002997002997
236,237,342,150,17,framenr_237_framevid_green_tree_frog_example1,29.97002997002997
237,238,NA,NA,NA,framenr_238_framevid_green_tree_frog_example1,29.97002997002997
238,239,380,196,36,framenr_239_framevid_green_tree_frog_example1,29.97002997002997
239,240,66,62,7,framenr_240_framevid_green_tree_frog_example1,29.97002997002997
240,241,66,62,6,framenr_241_framevid_green_tree_frog_example1,29.97002997002997
241,242,66,62,10,framenr_242_framevid_green_tree_frog_example1,29.97002997002997
242,243,384,192,38,framenr_243_framevid_green_tree_frog_example1,29.97002997002997
243,244,388,202,41,framenr_244_framevid_green_tree_frog_example1,29.97002997002997
244,245,406,206,57,framenr_245_framevid_green_tree_frog_example1,29.97002997002997
245,246,400,204,47,framenr_246_framevid_green_tree_frog_example1,29.97002997002997
246,247,396,212,42,framenr_247_framevid_green_tree_frog_example1,29.97002997002997
247,248,398,214,40,framenr_248_framevid_green_tree_frog_example1,29.97002997002997
248,249,404,212,47,framenr_249_framevid_green_tree_frog_example1,29.97002997002997
249,250,408,214,47,framenr_250_framevid_green_tree_frog_example1,29.97002997002997
250,251,30,62,19,framenr_251_framevid_green_tree_frog_example1,29.97002997002997
251,252,404,218,37,framenr_252_framevid_green_tree_frog_example1,29.97002997002997
252,253,414,210,47,framenr_253_framevid_green_tree_frog_example1,29.97002997002997
253,254,426,206,57,framenr_254_framevid_green_tree_frog_example1,29.97002997002997
254,255,16,58,27,framenr_255_framevid_green_tree_frog_example1,29.97002997002997
255,256,378,154,10,framenr_256_framevid_green_tree_frog_example1,29.97002997002997
256,257,378,154,10,framenr_257_framevid_green_tree_frog_example1,29.97002997002997
257,258,32,68,10,framenr_258_framevid_green_tree_frog_example1,29.97002997002997
258,259,NA,NA,NA,framenr_259_framevid_green_tree_frog_example1,29.97002997002997
259,260,378,150,10,framenr_260_framevid_green_tree_frog_example1,29.97002997002997
260,261,404,204,37,framenr_261_framevid_green_tree_frog_example1,29.97002997002997
261,262,NA,NA,NA,framenr_262_framevid_green_tree_frog_example1,29.97002997002997
262,263,NA,NA,NA,framenr_263_framevid_green_tree_frog_example1,29.97002997002997
263,264,NA,NA,NA,framenr_264_framevid_green_tree_frog_example1,29.97002997002997
264,265,NA,NA,NA,framenr_265_framevid_green_tree_frog_example1,29.97002997002997
265,266,NA,NA,NA,framenr_266_framevid_green_tree_frog_example1,29.97002997002997
266,267,NA,NA,NA,framenr_267_framevid_green_tree_frog_example1,29.97002997002997
267,268,NA,NA,NA,framenr_268_framevid_green_tree_frog_example1,29.97002997002997
268,269,392,190,28,framenr_269_framevid_green_tree_frog_example1,29.97002997002997
269,270,368,172,28,framenr_270_framevid_green_tree_frog_example1,29.97002997002997
270,271,414,226,36,framenr_271_framevid_green_tree_frog_example1,29.97002997002997
271,272,370,178,18,framenr_272_framevid_green_tree_frog_example1,29.97002997002997
272,273,394,216,38,framenr_273_framevid_green_tree_frog_example1,29.97002997002997
273,274,388,212,31,framenr_274_framevid_green_tree_frog_example1,29.97002997002997
274,275,394,218,42,framenr_275_framevid_green_tree_frog_example1,29.97002997002997
275,276,390,216,38,framenr_276_framevid_green_tree_frog_example1,29.97002997002997
276,277,388,214,37,framenr_277_framevid_green_tree_frog_example1,29.97002997002997
277,278,388,218,35,framenr_278_framevid_green_tree_frog_example1,29.97002997002997
278,279,392,216,40,framenr_279_framevid_green_tree_frog_example1,29.97002997002997
279,280,394,214,42,framenr_280_framevid_green_tree_frog_example1,29.97002997002997
280,281,360,156,10,framenr_281_framevid_green_tree_frog_example1,29.97002997002997
281,282,410,222,40,framenr_282_framevid_green_tree_frog_example1,29.97002997002997
282,283,420,226,40,framenr_283_framevid_green_tree_frog_example1,29.97002997002997
283,284,NA,NA,NA,framenr_284_framevid_green_tree_frog_example1,29.97002997002997
284,285,NA,NA,NA,framenr_285_framevid_green_tree_frog_example1,29.97002997002997
285,286,394,180,19,framenr_286_framevid_green_tree_frog_example1,29.97002997002997
286,287,NA,NA,NA,framenr_287_framevid_green_tree_frog_example1,29.97002997002997
287,288,400,206,37,framenr_288_framevid_green_tree_frog_example1,29.97002997002997
288,289,NA,NA,NA,framenr_289_framevid_green_tree_frog_example1,29.97002997002997
289,290,NA,NA,NA,framenr_290_framevid_green_tree_frog_example1,29.97002997002997
290,291,NA,NA,NA,framenr_291_framevid_green_tree_frog_example1,29.97002997002997
291,292,NA,NA,NA,framenr_292_framevid_green_tree_frog_example1,29.97002997002997
292,293,NA,NA,NA,framenr_293_framevid_green_tree_frog_example1,29.97002997002997
293,294,NA,NA,NA,framenr_294_framevid_green_tree_frog_example1,29.97002997002997
294,295,NA,NA,NA,framenr_295_framevid_green_tree_frog_example1,29.97002997002997
295,296,NA,NA,NA,framenr_296_framevid_green_tree_frog_example1,29.97002997002997
296,297,NA,NA,NA,framenr_297_framevid_green_tree_frog_example1,29.97002997002997
297,298,NA,NA,NA,framenr_298_framevid_green_tree_frog_example1,29.97002997002997
298,299,NA,NA,NA,framenr_299_framevid_green_tree_frog_example1,29.97002997002997
299,300,NA,NA,NA,framenr_300_framevid_green_tree_frog_example1,29.97002997002997
300,301,390,202,38,framenr_301_framevid_green_tree_frog_example1,29.97002997002997
301,302,NA,NA,NA,framenr_302_framevid_green_tree_frog_example1,29.97002997002997
302,303,NA,NA,NA,framenr_303_framevid_green_tree_frog_example1,29.97002997002997
303,304,392,206,37,framenr_304_framevid_green_tree_frog_example1,29.97002997002997
304,305,NA,NA,NA,framenr_305_framevid_green_tree_frog_example1,29.97002997002997
305,306,NA,NA,NA,framenr_306_framevid_green_tree_frog_example1,29.97002997002997
306,307,NA,NA,NA,framenr_307_framevid_green_tree_frog_example1,29.97002997002997
307,308,NA,NA,NA,framenr_308_framevid_green_tree_frog_example1,29.97002997002997
308,309,NA,NA,NA,framenr_309_framevid_green_tree_frog_example1,29.97002997002997
309,310,NA,NA,NA,framenr_310_framevid_green_tree_frog_example1,29.97002997002997
310,311,NA,NA,NA,framenr_311_framevid_green_tree_frog_example1,29.97002997002997
311,312,NA,NA,NA,framenr_312_framevid_green_tree_frog_example1,29.97002997002997
312,313,NA,NA,NA,framenr_313_framevid_green_tree_frog_example1,29.97002997002997
313,314,390,198,37,framenr_314_framevid_green_tree_frog_example1,29.97002997002997
314,315,388,200,37,framenr_315_framevid_green_tree_frog_example1,29.97002997002997
315,316,NA,NA,NA,framenr_316_framevid_green_tree_frog_example1,29.97002997002997
316,317,NA,NA,NA,framenr_317_framevid_green_tree_frog_example1,29.97002997002997
317,318,NA,NA,NA,framenr_318_framevid_green_tree_frog_example1,29.97002997002997
318,319,358,146,17,framenr_319_framevid_green_tree_frog_example1,29.97002997002997
319,320,NA,NA,NA,framenr_320_framevid_green_tree_frog_example1,29.97002997002997
320,321,NA,NA,NA,framenr_321_framevid_green_tree_frog_example1,29.97002997002997
321,322,NA,NA,NA,framenr_322_framevid_green_tree_frog_example1,29.97002997002997
322,323,NA,NA,NA,framenr_323_framevid_green_tree_frog_example1,29.97002997002997
323,324,414,222,37,framenr_324_framevid_green_tree_frog_example1,29.97002997002997
324,325,382,176,29,framenr_325_framevid_green_tree_frog_example1,29.97002997002997
325,326,NA,NA,NA,framenr_326_framevid_green_tree_frog_example1,29.97002997002997
326,327,NA,NA,NA,framenr_327_framevid_green_tree_frog_example1,29.97002997002997
327,328,390,220,29,framenr_328_framevid_green_tree_frog_example1,29.97002997002997
328,329,374,216,28,framenr_329_framevid_green_tree_frog_example1,29.97002997002997
329,330,344,156,28,framenr_330_framevid_green_tree_frog_example1,29.97002997002997
330,331,390,206,48,framenr_331_framevid_green_tree_frog_example1,29.97002997002997
331,332,NA,NA,NA,framenr_332_framevid_green_tree_frog_example1,29.97002997002997
332,333,390,206,47,framenr_333_framevid_green_tree_frog_example1,29.97002997002997
333,334,NA,NA,NA,framenr_334_framevid_green_tree_frog_example1,29.97002997002997
334,335,386,198,40,framenr_335_framevid_green_tree_frog_example1,29.97002997002997
335,336,356,150,19,framenr_336_framevid_green_tree_frog_example1,29.97002997002997
336,337,NA,NA,NA,framenr_337_framevid_green_tree_frog_example1,29.97002997002997
337,338,NA,NA,NA,framenr_338_framevid_green_tree_frog_example1,29.97002997002997
338,339,NA,NA,NA,framenr_339_framevid_green_tree_frog_example1,29.97002997002997
339,340,NA,NA,NA,framenr_340_framevid_green_tree_frog_example1,29.97002997002997
340,341,NA,NA,NA,framenr_341_framevid_green_tree_frog_example1,29.97002997002997
341,342,392,220,29,framenr_342_framevid_green_tree_frog_example1,29.97002997002997
342,343,392,220,29,framenr_343_framevid_green_tree_frog_example1,29.97002997002997
343,344,364,168,18,framenr_344_framevid_green_tree_frog_example1,29.97002997002997
344,345,NA,NA,NA,framenr_345_framevid_green_tree_frog_example1,29.97002997002997
345,346,396,204,55,framenr_346_framevid_green_tree_frog_example1,29.97002997002997
346,347,NA,NA,NA,framenr_347_framevid_green_tree_frog_example1,29.97002997002997
347,348,NA,NA,NA,framenr_348_framevid_green_tree_frog_example1,29.97002997002997
348,349,104,142,6,framenr_349_framevid_green_tree_frog_example1,29.97002997002997
349,350,384,196,49,framenr_350_framevid_green_tree_frog_example1,29.97002997002997
350,351,374,204,38,framenr_351_framevid_green_tree_frog_example1,29.97002997002997
351,352,372,214,28,framenr_352_framevid_green_tree_frog_example1,29.97002997002997
352,353,362,168,29,framenr_353_framevid_green_tree_frog_example1,29.97002997002997
353,354,398,224,30,framenr_354_framevid_green_tree_frog_example1,29.97002997002997
354,355,420,218,48,framenr_355_framevid_green_tree_frog_example1,29.97002997002997
355,356,412,228,35,framenr_356_framevid_green_tree_frog_example1,29.97002997002997
356,357,400,228,31,framenr_357_framevid_green_tree_frog_example1,29.97002997002997
357,358,390,230,31,framenr_358_framevid_green_tree_frog_example1,29.97002997002997
358,359,502,202,94,framenr_359_framevid_green_tree_frog_example1,29.97002997002997
359,360,634,216,114,framenr_360_framevid_green_tree_frog_example1,29.97002997002997
360,361,392,222,37,framenr_361_framevid_green_tree_frog_example1,29.97002997002997
361,362,638,206,123,framenr_362_framevid_green_tree_frog_example1,29.97002997002997
362,363,228,194,57,framenr_363_framevid_green_tree_frog_example1,29.97002997002997
363,364,418,222,45,framenr_364_framevid_green_tree_frog_example1,29.97002997002997
364,365,494,174,113,framenr_365_framevid_green_tree_frog_example1,29.97002997002997
365,366,492,180,101,framenr_366_framevid_green_tree_frog_example1,29.97002997002997
366,367,450,216,60,framenr_367_framevid_green_tree_frog_example1,29.97002997002997
367,368,436,212,44,framenr_368_framevid_green_tree_frog_example1,29.97002997002997
368,369,512,72,82,framenr_369_framevid_green_tree_frog_example1,29.97002997002997
369,370,478,160,97,framenr_370_framevid_green_tree_frog_example1,29.97002997002997
370,371,518,42,114,framenr_371_framevid_green_tree_frog_example1,29.97002997002997
371,372,422,196,41,framenr_372_framevid_green_tree_frog_example1,29.97002997002997
372,373,230,178,62,framenr_373_framevid_green_tree_frog_example1,29.97002997002997
373,374,226,182,61,framenr_374_framevid_green_tree_frog_example1,29.97002997002997
374,375,636,100,84,framenr_375_framevid_green_tree_frog_example1,29.97002997002997
375,376,604,70,22,framenr_376_framevid_green_tree_frog_example1,29.97002997002997
376,377,572,132,46,framenr_377_framevid_green_tree_frog_example1,29.97002997002997
377,378,580,108,74,framenr_378_framevid_green_tree_frog_example1,29.97002997002997
378,379,566,126,57,framenr_379_framevid_green_tree_frog_example1,29.97002997002997
379,380,568,126,64,framenr_380_framevid_green_tree_frog_example1,29.97002997002997
380,381,348,212,100,framenr_381_framevid_green_tree_frog_example1,29.97002997002997
381,382,332,204,86,framenr_382_framevid_green_tree_frog_example1,29.97002997002997
382,383,414,194,120,framenr_383_framevid_green_tree_frog_example1,29.97002997002997
383,384,348,214,102,framenr_384_framevid_green_tree_frog_example1,29.97002997002997
384,385,348,214,102,framenr_385_framevid_green_tree_frog_example1,29.97002997002997
385,386,528,124,51,framenr_386_framevid_green_tree_frog_example1,29.97002997002997
386,387,522,126,53,framenr_387_framevid_green_tree_frog_example1,29.97002997002997
387,388,352,180,64,framenr_388_framevid_green_tree_frog_example1,29.97002997002997
388,389,356,286,104,framenr_389_framevid_green_tree_frog_example1,29.97002997002997
389,390,510,122,54,framenr_390_framevid_green_tree_frog_example1,29.97002997002997
390,391,508,118,59,framenr_391_framevid_green_tree_frog_example1,29.97002997002997
391,392,300,192,97,framenr_392_framevid_green_tree_frog_example1,29.97002997002997
392,393,186,56,114,framenr_393_framevid_green_tree_frog_example1,29.97002997002997
393,394,532,76,108,framenr_394_framevid_green_tree_frog_example1,29.97002997002997
394,395,362,296,113,framenr_395_framevid_green_tree_frog_example1,29.97002997002997
395,396,352,276,95,framenr_396_framevid_green_tree_frog_example1,29.97002997002997
396,397,344,264,86,framenr_397_framevid_green_tree_frog_example1,29.97002997002997
397,398,358,274,105,framenr_398_framevid_green_tree_frog_example1,29.97002997002997
398,399,350,270,95,framenr_399_framevid_green_tree_frog_example1,29.97002997002997
399,400,346,264,86,framenr_400_framevid_green_tree_frog_example1,29.97002997002997
400,401,362,276,105,framenr_401_framevid_green_tree_frog_example1,29.97002997002997
401,402,356,268,95,framenr_402_framevid_green_tree_frog_example1,29.97002997002997
402,403,362,274,105,framenr_403_framevid_green_tree_frog_example1,29.97002997002997
403,404,472,74,78,framenr_404_framevid_green_tree_frog_example1,29.97002997002997
404,405,350,266,95,framenr_405_framevid_green_tree_frog_example1,29.97002997002997
405,406,348,264,96,framenr_406_framevid_green_tree_frog_example1,29.97002997002997
406,407,206,160,86,framenr_407_framevid_green_tree_frog_example1,29.97002997002997
407,408,242,92,104,framenr_408_framevid_green_tree_frog_example1,29.97002997002997
408,409,256,106,80,framenr_409_framevid_green_tree_frog_example1,29.97002997002997
409,410,266,108,71,framenr_410_framevid_green_tree_frog_example1,29.97002997002997
410,411,444,114,115,framenr_411_framevid_green_tree_frog_example1,29.97002997002997
411,412,424,110,75,framenr_412_framevid_green_tree_frog_example1,29.97002997002997
412,413,320,238,76,framenr_413_framevid_green_tree_frog_example1,29.97002997002997
413,414,318,240,76,framenr_414_framevid_green_tree_frog_example1,29.97002997002997
414,415,328,254,95,framenr_415_framevid_green_tree_frog_example1,29.97002997002997
415,416,418,74,57,framenr_416_framevid_green_tree_frog_example1,29.97002997002997
416,417,440,46,94,framenr_417_framevid_green_tree_frog_example1,29.97002997002997
417,418,426,126,102,framenr_418_framevid_green_tree_frog_example1,29.97002997002997
418,419,392,78,46,framenr_419_framevid_green_tree_frog_example1,29.97002997002997
419,420,330,176,88,framenr_420_framevid_green_tree_frog_example1,29.97002997002997
420,421,318,254,95,framenr_421_framevid_green_tree_frog_example1,29.97002997002997
421,422,232,96,86,framenr_422_framevid_green_tree_frog_example1,29.97002997002997
422,423,332,270,113,framenr_423_framevid_green_tree_frog_example1,29.97002997002997
423,424,154,168,93,framenr_424_framevid_green_tree_frog_example1,29.97002997002997
424,425,432,48,95,framenr_425_framevid_green_tree_frog_example1,29.97002997002997
425,426,304,242,75,framenr_426_framevid_green_tree_frog_example1,29.97002997002997
426,427,312,250,86,framenr_427_framevid_green_tree_frog_example1,29.97002997002997
427,428,428,56,86,framenr_428_framevid_green_tree_frog_example1,29.97002997002997
428,429,436,50,94,framenr_429_framevid_green_tree_frog_example1,29.97002997002997
429,430,316,250,86,framenr_430_framevid_green_tree_frog_example1,29.97002997002997
430,431,428,66,76,framenr_431_framevid_green_tree_frog_example1,29.97002997002997
431,432,438,64,80,framenr_432_framevid_green_tree_frog_example1,29.97002997002997
432,433,336,258,95,framenr_433_framevid_green_tree_frog_example1,29.97002997002997
433,434,342,262,95,framenr_434_framevid_green_tree_frog_example1,29.97002997002997
434,435,350,264,95,framenr_435_framevid_green_tree_frog_example1,29.97002997002997
435,436,220,162,78,framenr_436_framevid_green_tree_frog_example1,29.97002997002997
436,437,372,198,111,framenr_437_framevid_green_tree_frog_example1,29.97002997002997
437,438,234,194,60,framenr_438_framevid_green_tree_frog_example1,29.97002997002997
438,439,232,186,75,framenr_439_framevid_green_tree_frog_example1,29.97002997002997
439,440,442,200,70,framenr_440_framevid_green_tree_frog_example1,29.97002997002997
440,441,422,222,93,framenr_441_framevid_green_tree_frog_example1,29.97002997002997
441,442,426,222,93,framenr_442_framevid_green_tree_frog_example1,29.97002997002997
442,443,434,220,88,framenr_443_framevid_green_tree_frog_example1,29.97002997002997
443,444,434,186,90,framenr_444_framevid_green_tree_frog_example1,29.97002997002997
444,445,456,188,92,framenr_445_framevid_green_tree_frog_example1,29.97002997002997
445,446,456,198,94,framenr_446_framevid_green_tree_frog_example1,29.97002997002997
446,447,634,106,19,framenr_447_framevid_green_tree_frog_example1,29.97002997002997
447,448,NA,NA,NA,framenr_448_framevid_green_tree_frog_example1,29.97002997002997
448,449,NA,NA,NA,framenr_449_framevid_green_tree_frog_example1,29.97002997002997
449,450,NA,NA,NA,framenr_450_framevid_green_tree_frog_example1,29.97002997002997
450,451,NA,NA,NA,framenr_451_framevid_green_tree_frog_example1,29.97002997002997
451,452,534,134,29,framenr_452_framevid_green_tree_frog_example1,29.97002997002997
452,453,NA,NA,NA,framenr_453_framevid_green_tree_frog_example1,29.97002997002997
453,454,544,140,20,framenr_454_framevid_green_tree_frog_example1,29.97002997002997
454,455,NA,NA,NA,framenr_455_framevid_green_tree_frog_example1,29.97002997002997
455,456,NA,NA,NA,framenr_456_framevid_green_tree_frog_example1,29.97002997002997
456,457,NA,NA,NA,framenr_457_framevid_green_tree_frog_example1,29.97002997002997
457,458,NA,NA,NA,framenr_458_framevid_green_tree_frog_example1,29.97002997002997
458,459,NA,NA,NA,framenr_459_framevid_green_tree_frog_example1,29.97002997002997
459,460,NA,NA,NA,framenr_460_framevid_green_tree_frog_example1,29.97002997002997
460,461,NA,NA,NA,framenr_461_framevid_green_tree_frog_example1,29.97002997002997
461,462,NA,NA,NA,framenr_462_framevid_green_tree_frog_example1,29.97002997002997
462,463,NA,NA,NA,framenr_463_framevid_green_tree_frog_example1,29.97002997002997
463,464,NA,NA,NA,framenr_464_framevid_green_tree_frog_example1,29.97002997002997
464,465,NA,NA,NA,framenr_465_framevid_green_tree_frog_example1,29.97002997002997
465,466,NA,NA,NA,framenr_466_framevid_green_tree_frog_example1,29.97002997002997
466,467,NA,NA,NA,framenr_467_framevid_green_tree_frog_example1,29.97002997002997
467,468,NA,NA,NA,framenr_468_framevid_green_tree_frog_example1,29.97002997002997
468,469,NA,NA,NA,framenr_469_framevid_green_tree_frog_example1,29.97002997002997
469,470,NA,NA,NA,framenr_470_framevid_green_tree_frog_example1,29.97002997002997
470,471,NA,NA,NA,framenr_471_framevid_green_tree_frog_example1,29.97002997002997
471,472,NA,NA,NA,framenr_472_framevid_green_tree_frog_example1,29.97002997002997
472,473,NA,NA,NA,framenr_473_framevid_green_tree_frog_example1,29.97002997002997
473,474,NA,NA,NA,framenr_474_framevid_green_tree_frog_example1,29.97002997002997
474,475,NA,NA,NA,framenr_475_framevid_green_tree_frog_example1,29.97002997002997
475,476,NA,NA,NA,framenr_476_framevid_green_tree_frog_example1,29.97002997002997
476,477,NA,NA,NA,framenr_477_framevid_green_tree_frog_example1,29.97002997002997
477,478,NA,NA,NA,framenr_478_framevid_green_tree_frog_example1,29.97002997002997
478,479,42,106,10,framenr_479_framevid_green_tree_frog_example1,29.97002997002997
479,480,NA,NA,NA,framenr_480_framevid_green_tree_frog_example1,29.97002997002997
480,481,NA,NA,NA,framenr_481_framevid_green_tree_frog_example1,29.97002997002997
481,482,NA,NA,NA,framenr_482_framevid_green_tree_frog_example1,29.97002997002997
482,483,NA,NA,NA,framenr_483_framevid_green_tree_frog_example1,29.97002997002997
483,484,NA,NA,NA,framenr_484_framevid_green_tree_frog_example1,29.97002997002997
484,485,52,108,9,framenr_485_framevid_green_tree_frog_example1,29.97002997002997
485,486,NA,NA,NA,framenr_486_framevid_green_tree_frog_example1,29.97002997002997
486,487,NA,NA,NA,framenr_487_framevid_green_tree_frog_example1,29.97002997002997
487,488,NA,NA,NA,framenr_488_framevid_green_tree_frog_example1,29.97002997002997
488,489,NA,NA,NA,framenr_489_framevid_green_tree_frog_example1,29.97002997002997
489,490,44,126,18,framenr_490_framevid_green_tree_frog_example1,29.97002997002997
490,491,276,210,37,framenr_491_framevid_green_tree_frog_example1,29.97002997002997
491,492,78,94,51,framenr_492_framevid_green_tree_frog_example1,29.97002997002997
492,493,94,134,10,framenr_493_framevid_green_tree_frog_example1,29.97002997002997
493,494,282,216,38,framenr_494_framevid_green_tree_frog_example1,29.97002997002997
494,495,94,134,9,framenr_495_framevid_green_tree_frog_example1,29.97002997002997
495,496,96,136,9,framenr_496_framevid_green_tree_frog_example1,29.97002997002997
496,497,96,136,9,framenr_497_framevid_green_tree_frog_example1,29.97002997002997
497,498,98,134,7,framenr_498_framevid_green_tree_frog_example1,29.97002997002997
498,499,98,132,9,framenr_499_framevid_green_tree_frog_example1,29.97002997002997
499,500,96,136,9,framenr_500_framevid_green_tree_frog_example1,29.97002997002997
500,501,NA,NA,NA,framenr_501_framevid_green_tree_frog_example1,29.97002997002997
501,502,96,136,9,framenr_502_framevid_green_tree_frog_example1,29.97002997002997
502,503,96,132,7,framenr_503_framevid_green_tree_frog_example1,29.97002997002997
503,504,NA,NA,NA,framenr_504_framevid_green_tree_frog_example1,29.97002997002997
504,505,NA,NA,NA,framenr_505_framevid_green_tree_frog_example1,29.97002997002997
505,506,NA,NA,NA,framenr_506_framevid_green_tree_frog_example1,29.97002997002997
506,507,84,124,6,framenr_507_framevid_green_tree_frog_example1,29.97002997002997
507,508,NA,NA,NA,framenr_508_framevid_green_tree_frog_example1,29.97002997002997
508,509,NA,NA,NA,framenr_509_framevid_green_tree_frog_example1,29.97002997002997
509,510,NA,NA,NA,framenr_510_framevid_green_tree_frog_example1,29.97002997002997
510,511,NA,NA,NA,framenr_511_framevid_green_tree_frog_example1,29.97002997002997
511,512,NA,NA,NA,framenr_512_framevid_green_tree_frog_example1,29.97002997002997
512,513,NA,NA,NA,framenr_513_framevid_green_tree_frog_example1,29.97002997002997
513,514,NA,NA,NA,framenr_514_framevid_green_tree_frog_example1,29.97002997002997
514,515,NA,NA,NA,framenr_515_framevid_green_tree_frog_example1,29.97002997002997
515,516,NA,NA,NA,framenr_516_framevid_green_tree_frog_example1,29.97002997002997
516,517,NA,NA,NA,framenr_517_framevid_green_tree_frog_example1,29.97002997002997
517,518,NA,NA,NA,framenr_518_framevid_green_tree_frog_example1,29.97002997002997
518,519,NA,NA,NA,framenr_519_framevid_green_tree_frog_example1,29.97002997002997
519,520,NA,NA,NA,framenr_520_framevid_green_tree_frog_example1,29.97002997002997
520,521,NA,NA,NA,framenr_521_framevid_green_tree_frog_example1,29.97002997002997
521,522,NA,NA,NA,framenr_522_framevid_green_tree_frog_example1,29.97002997002997
522,523,NA,NA,NA,framenr_523_framevid_green_tree_frog_example1,29.97002997002997
523,524,NA,NA,NA,framenr_524_framevid_green_tree_frog_example1,29.97002997002997
524,525,NA,NA,NA,framenr_525_framevid_green_tree_frog_example1,29.97002997002997
525,526,NA,NA,NA,framenr_526_framevid_green_tree_frog_example1,29.97002997002997
526,527,NA,NA,NA,framenr_527_framevid_green_tree_frog_example1,29.97002997002997
527,528,NA,NA,NA,framenr_528_framevid_green_tree_frog_example1,29.97002997002997
528,529,NA,NA,NA,framenr_529_framevid_green_tree_frog_example1,29.97002997002997
529,530,NA,NA,NA,framenr_530_framevid_green_tree_frog_example1,29.97002997002997
530,531,NA,NA,NA,framenr_531_framevid_green_tree_frog_example1,29.97002997002997
531,532,NA,NA,NA,framenr_532_framevid_green_tree_frog_example1,29.97002997002997
532,533,NA,NA,NA,framenr_533_framevid_green_tree_frog_example1,29.97002997002997
533,534,NA,NA,NA,framenr_534_framevid_green_tree_frog_example1,29.97002997002997
534,535,NA,NA,NA,framenr_535_framevid_green_tree_frog_example1,29.97002997002997
535,536,NA,NA,NA,framenr_536_framevid_green_tree_frog_example1,29.97002997002997
536,537,NA,NA,NA,framenr_537_framevid_green_tree_frog_example1,29.97002997002997
537,538,NA,NA,NA,framenr_538_framevid_green_tree_frog_example1,29.97002997002997
538,539,NA,NA,NA,framenr_539_framevid_green_tree_frog_example1,29.97002997002997
539,540,NA,NA,NA,framenr_540_framevid_green_tree_frog_example1,29.97002997002997
540,541,NA,NA,NA,framenr_541_framevid_green_tree_frog_example1,29.97002997002997
541,542,NA,NA,NA,framenr_542_framevid_green_tree_frog_example1,29.97002997002997
542,543,NA,NA,NA,framenr_543_framevid_green_tree_frog_example1,29.97002997002997
543,544,314,118,23,framenr_544_framevid_green_tree_frog_example1,29.97002997002997
544,545,328,132,18,framenr_545_framevid_green_tree_frog_example1,29.97002997002997
545,546,NA,NA,NA,framenr_546_framevid_green_tree_frog_example1,29.97002997002997
546,547,272,84,29,framenr_547_framevid_green_tree_frog_example1,29.97002997002997
547,548,NA,NA,NA,framenr_548_framevid_green_tree_frog_example1,29.97002997002997
548,549,NA,NA,NA,framenr_549_framevid_green_tree_frog_example1,29.97002997002997
549,550,NA,NA,NA,framenr_550_framevid_green_tree_frog_example1,29.97002997002997
550,551,NA,NA,NA,framenr_551_framevid_green_tree_frog_example1,29.97002997002997
551,552,NA,NA,NA,framenr_552_framevid_green_tree_frog_example1,29.97002997002997
552,553,NA,NA,NA,framenr_553_framevid_green_tree_frog_example1,29.97002997002997
553,554,NA,NA,NA,framenr_554_framevid_green_tree_frog_example1,29.97002997002997
554,555,314,136,42,framenr_555_framevid_green_tree_frog_example1,29.97002997002997
555,556,314,136,42,framenr_556_framevid_green_tree_frog_example1,29.97002997002997
556,557,332,132,29,framenr_557_framevid_green_tree_frog_example1,29.97002997002997
557,558,NA,NA,NA,framenr_558_framevid_green_tree_frog_example1,29.97002997002997
558,559,314,108,19,framenr_559_framevid_green_tree_frog_example1,29.97002997002997
559,560,NA,NA,NA,framenr_560_framevid_green_tree_frog_example1,29.97002997002997
560,561,NA,NA,NA,framenr_561_framevid_green_tree_frog_example1,29.97002997002997
561,562,NA,NA,NA,framenr_562_framevid_green_tree_frog_example1,29.97002997002997
562,563,NA,NA,NA,framenr_563_framevid_green_tree_frog_example1,29.97002997002997
563,564,NA,NA,NA,framenr_564_framevid_green_tree_frog_example1,29.97002997002997
564,565,NA,NA,NA,framenr_565_framevid_green_tree_frog_example1,29.97002997002997
565,566,NA,NA,NA,framenr_566_framevid_green_tree_frog_example1,29.97002997002997
566,567,NA,NA,NA,framenr_567_framevid_green_tree_frog_example1,29.97002997002997
567,568,NA,NA,NA,framenr_568_framevid_green_tree_frog_example1,29.97002997002997
568,569,338,178,28,framenr_569_framevid_green_tree_frog_example1,29.97002997002997
569,570,66,18,8,framenr_570_framevid_green_tree_frog_example1,29.97002997002997
570,571,334,110,47,framenr_571_framevid_green_tree_frog_example1,29.97002997002997
571,572,66,20,7,framenr_572_framevid_green_tree_frog_example1,29.97002997002997
572,573,66,18,8,framenr_573_framevid_green_tree_frog_example1,29.97002997002997
573,574,336,118,35,framenr_574_framevid_green_tree_frog_example1,29.97002997002997
574,575,NA,NA,NA,framenr_575_framevid_green_tree_frog_example1,29.97002997002997
575,576,520,176,10,framenr_576_framevid_green_tree_frog_example1,29.97002997002997
576,577,NA,NA,NA,framenr_577_framevid_green_tree_frog_example1,29.97002997002997
577,578,NA,NA,NA,framenr_578_framevid_green_tree_frog_example1,29.97002997002997
578,579,NA,NA,NA,framenr_579_framevid_green_tree_frog_example1,29.97002997002997
579,580,NA,NA,NA,framenr_580_framevid_green_tree_frog_example1,29.97002997002997
580,581,NA,NA,NA,framenr_581_framevid_green_tree_frog_example1,29.97002997002997
581,582,78,8,20,framenr_582_framevid_green_tree_frog_example1,29.97002997002997
582,583,NA,NA,NA,framenr_583_framevid_green_tree_frog_example1,29.97002997002997
583,584,334,100,21,framenr_584_framevid_green_tree_frog_example1,29.97002997002997
584,585,NA,NA,NA,framenr_585_framevid_green_tree_frog_example1,29.97002997002997
585,586,194,100,10,framenr_586_framevid_green_tree_frog_example1,29.97002997002997
586,587,438,160,22,framenr_587_framevid_green_tree_frog_example1,29.97002997002997
587,588,428,172,32,framenr_588_framevid_green_tree_frog_example1,29.97002997002997
588,589,146,90,41,framenr_589_framevid_green_tree_frog_example1,29.97002997002997
589,590,144,92,44,framenr_590_framevid_green_tree_frog_example1,29.97002997002997
590,591,146,90,41,framenr_591_framevid_green_tree_frog_example1,29.97002997002997
591,592,146,90,41,framenr_592_framevid_green_tree_frog_example1,29.97002997002997
592,593,402,184,60,framenr_593_framevid_green_tree_frog_example1,29.97002997002997
593,594,144,94,44,framenr_594_framevid_green_tree_frog_example1,29.97002997002997
594,595,170,112,56,framenr_595_framevid_green_tree_frog_example1,29.97002997002997
595,596,168,110,59,framenr_596_framevid_green_tree_frog_example1,29.97002997002997
596,597,168,110,61,framenr_597_framevid_green_tree_frog_example1,29.97002997002997
597,598,566,214,18,framenr_598_framevid_green_tree_frog_example1,29.97002997002997
598,599,334,184,27,framenr_599_framevid_green_tree_frog_example1,29.97002997002997
599,600,324,126,40,framenr_600_framevid_green_tree_frog_example1,29.97002997002997
600,601,566,218,18,framenr_601_framevid_green_tree_frog_example1,29.97002997002997
601,602,320,116,57,framenr_602_framevid_green_tree_frog_example1,29.97002997002997
602,603,328,194,23,framenr_603_framevid_green_tree_frog_example1,29.97002997002997
603,604,334,194,28,framenr_604_framevid_green_tree_frog_example1,29.97002997002997
604,605,342,192,37,framenr_605_framevid_green_tree_frog_example1,29.97002997002997
605,606,314,134,24,framenr_606_framevid_green_tree_frog_example1,29.97002997002997
606,607,394,216,47,framenr_607_framevid_green_tree_frog_example1,29.97002997002997
607,608,354,184,47,framenr_608_framevid_green_tree_frog_example1,29.97002997002997
608,609,336,196,30,framenr_609_framevid_green_tree_frog_example1,29.97002997002997
609,610,316,134,18,framenr_610_framevid_green_tree_frog_example1,29.97002997002997
610,611,NA,NA,NA,framenr_611_framevid_green_tree_frog_example1,29.97002997002997
611,612,344,204,28,framenr_612_framevid_green_tree_frog_example1,29.97002997002997
612,613,340,206,23,framenr_613_framevid_green_tree_frog_example1,29.97002997002997
613,614,338,208,20,framenr_614_framevid_green_tree_frog_example1,29.97002997002997
614,615,340,210,20,framenr_615_framevid_green_tree_frog_example1,29.97002997002997
615,616,338,208,21,framenr_616_framevid_green_tree_frog_example1,29.97002997002997
616,617,346,206,27,framenr_617_framevid_green_tree_frog_example1,29.97002997002997
617,618,344,204,28,framenr_618_framevid_green_tree_frog_example1,29.97002997002997
618,619,58,24,28,framenr_619_framevid_green_tree_frog_example1,29.97002997002997
619,620,58,24,28,framenr_620_framevid_green_tree_frog_example1,29.97002997002997
620,621,NA,NA,NA,framenr_621_framevid_green_tree_frog_example1,29.97002997002997
621,622,NA,NA,NA,framenr_622_framevid_green_tree_frog_example1,29.97002997002997
622,623,NA,NA,NA,framenr_623_framevid_green_tree_frog_example1,29.97002997002997
623,624,NA,NA,NA,framenr_624_framevid_green_tree_frog_example1,29.97002997002997
624,625,NA,NA,NA,framenr_625_framevid_green_tree_frog_example1,29.97002997002997
625,626,NA,NA,NA,framenr_626_framevid_green_tree_frog_example1,29.97002997002997
626,627,NA,NA,NA,framenr_627_framevid_green_tree_frog_example1,29.97002997002997
627,628,NA,NA,NA,framenr_628_framevid_green_tree_frog_example1,29.97002997002997
628,629,NA,NA,NA,framenr_629_framevid_green_tree_frog_example1,29.97002997002997
629,630,NA,NA,NA,framenr_630_framevid_green_tree_frog_example1,29.97002997002997
630,631,NA,NA,NA,framenr_631_framevid_green_tree_frog_example1,29.97002997002997
631,632,NA,NA,NA,framenr_632_framevid_green_tree_frog_example1,29.97002997002997
632,633,NA,NA,NA,framenr_633_framevid_green_tree_frog_example1,29.97002997002997
633,634,NA,NA,NA,framenr_634_framevid_green_tree_frog_example1,29.97002997002997
634,635,NA,NA,NA,framenr_635_framevid_green_tree_frog_example1,29.97002997002997
635,636,NA,NA,NA,framenr_636_framevid_green_tree_frog_example1,29.97002997002997
636,637,NA,NA,NA,framenr_637_framevid_green_tree_frog_example1,29.97002997002997
637,638,NA,NA,NA,framenr_638_framevid_green_tree_frog_example1,29.97002997002997
638,639,NA,NA,NA,framenr_639_framevid_green_tree_frog_example1,29.97002997002997
639,640,340,186,28,framenr_640_framevid_green_tree_frog_example1,29.97002997002997
640,641,340,186,28,framenr_641_framevid_green_tree_frog_example1,29.97002997002997
641,642,NA,NA,NA,framenr_642_framevid_green_tree_frog_example1,29.97002997002997
642,643,NA,NA,NA,framenr_643_framevid_green_tree_frog_example1,29.97002997002997
643,644,NA,NA,NA,framenr_644_framevid_green_tree_frog_example1,29.97002997002997
644,645,NA,NA,NA,framenr_645_framevid_green_tree_frog_example1,29.97002997002997
645,646,NA,NA,NA,framenr_646_framevid_green_tree_frog_example1,29.97002997002997
646,647,NA,NA,NA,framenr_647_framevid_green_tree_frog_example1,29.97002997002997
647,648,NA,NA,NA,framenr_648_framevid_green_tree_frog_example1,29.97002997002997
648,649,NA,NA,NA,framenr_649_framevid_green_tree_frog_example1,29.97002997002997
649,650,NA,NA,NA,framenr_650_framevid_green_tree_frog_example1,29.97002997002997
650,651,NA,NA,NA,framenr_651_framevid_green_tree_frog_example1,29.97002997002997
651,652,NA,NA,NA,framenr_652_framevid_green_tree_frog_example1,29.97002997002997
652,653,NA,NA,NA,framenr_653_framevid_green_tree_frog_example1,29.97002997002997
653,654,NA,NA,NA,framenr_654_framevid_green_tree_frog_example1,29.97002997002997
654,655,NA,NA,NA,framenr_655_framevid_green_tree_frog_example1,29.97002997002997
655,656,598,242,23,framenr_656_framevid_green_tree_frog_example1,29.97002997002997
656,657,148,56,8,framenr_657_framevid_green_tree_frog_example1,29.97002997002997
657,658,514,218,28,framenr_658_framevid_green_tree_frog_example1,29.97002997002997
658,659,454,186,10,framenr_659_framevid_green_tree_frog_example1,29.97002997002997
659,660,446,180,10,framenr_660_framevid_green_tree_frog_example1,29.97002997002997
660,661,220,100,56,framenr_661_framevid_green_tree_frog_example1,29.97002997002997
661,662,516,202,62,framenr_662_framevid_green_tree_frog_example1,29.97002997002997
662,663,246,110,71,framenr_663_framevid_green_tree_frog_example1,29.97002997002997
663,664,252,102,61,framenr_664_framevid_green_tree_frog_example1,29.97002997002997
664,665,264,92,52,framenr_665_framevid_green_tree_frog_example1,29.97002997002997
665,666,380,126,48,framenr_666_framevid_green_tree_frog_example1,29.97002997002997
666,667,474,182,114,framenr_667_framevid_green_tree_frog_example1,29.97002997002997
667,668,474,178,116,framenr_668_framevid_green_tree_frog_example1,29.97002997002997
668,669,504,142,92,framenr_669_framevid_green_tree_frog_example1,29.97002997002997
669,670,388,204,38,framenr_670_framevid_green_tree_frog_example1,29.97002997002997
670,671,466,178,116,framenr_671_framevid_green_tree_frog_example1,29.97002997002997
671,672,450,182,103,framenr_672_framevid_green_tree_frog_example1,29.97002997002997
672,673,444,182,102,framenr_673_framevid_green_tree_frog_example1,29.97002997002997
673,674,454,170,118,framenr_674_framevid_green_tree_frog_example1,29.97002997002997
674,675,452,164,120,framenr_675_framevid_green_tree_frog_example1,29.97002997002997
675,676,452,166,119,framenr_676_framevid_green_tree_frog_example1,29.97002997002997
676,677,396,152,89,framenr_677_framevid_green_tree_frog_example1,29.97002997002997
677,678,434,184,102,framenr_678_framevid_green_tree_frog_example1,29.97002997002997
678,679,488,160,87,framenr_679_framevid_green_tree_frog_example1,29.97002997002997
679,680,436,164,102,framenr_680_framevid_green_tree_frog_example1,29.97002997002997
680,681,454,158,117,framenr_681_framevid_green_tree_frog_example1,29.97002997002997
681,682,440,174,104,framenr_682_framevid_green_tree_frog_example1,29.97002997002997
682,683,442,192,101,framenr_683_framevid_green_tree_frog_example1,29.97002997002997
683,684,442,192,101,framenr_684_framevid_green_tree_frog_example1,29.97002997002997
684,685,152,120,119,framenr_685_framevid_green_tree_frog_example1,29.97002997002997
685,686,462,180,108,framenr_686_framevid_green_tree_frog_example1,29.97002997002997
686,687,460,148,118,framenr_687_framevid_green_tree_frog_example1,29.97002997002997
687,688,462,162,110,framenr_688_framevid_green_tree_frog_example1,29.97002997002997
688,689,456,172,106,framenr_689_framevid_green_tree_frog_example1,29.97002997002997
689,690,172,184,112,framenr_690_framevid_green_tree_frog_example1,29.97002997002997
690,691,452,170,120,framenr_691_framevid_green_tree_frog_example1,29.97002997002997
691,692,448,168,123,framenr_692_framevid_green_tree_frog_example1,29.97002997002997
692,693,444,188,114,framenr_693_framevid_green_tree_frog_example1,29.97002997002997
693,694,464,140,118,framenr_694_framevid_green_tree_frog_example1,29.97002997002997
694,695,450,212,124,framenr_695_framevid_green_tree_frog_example1,29.97002997002997
695,696,456,152,114,framenr_696_framevid_green_tree_frog_example1,29.97002997002997
696,697,492,272,64,framenr_697_framevid_green_tree_frog_example1,29.97002997002997
697,698,492,240,94,framenr_698_framevid_green_tree_frog_example1,29.97002997002997
698,699,334,2,116,framenr_699_framevid_green_tree_frog_example1,29.97002997002997
699,700,292,214,104,framenr_700_framevid_green_tree_frog_example1,29.97002997002997
700,701,456,286,99,framenr_701_framevid_green_tree_frog_example1,29.97002997002997
701,702,502,186,123,framenr_702_framevid_green_tree_frog_example1,29.97002997002997
702,703,402,148,73,framenr_703_framevid_green_tree_frog_example1,29.97002997002997
703,704,110,104,121,framenr_704_framevid_green_tree_frog_example1,29.97002997002997
704,705,380,232,70,framenr_705_framevid_green_tree_frog_example1,29.97002997002997
705,706,392,228,82,framenr_706_framevid_green_tree_frog_example1,29.97002997002997
706,707,382,232,72,framenr_707_framevid_green_tree_frog_example1,29.97002997002997
707,708,402,138,64,framenr_708_framevid_green_tree_frog_example1,29.97002997002997
708,709,150,74,68,framenr_709_framevid_green_tree_frog_example1,29.97002997002997
709,710,148,70,68,framenr_710_framevid_green_tree_frog_example1,29.97002997002997
710,711,108,98,76,framenr_711_framevid_green_tree_frog_example1,29.97002997002997
711,712,72,128,122,framenr_712_framevid_green_tree_frog_example1,29.97002997002997
712,713,144,66,67,framenr_713_framevid_green_tree_frog_example1,29.97002997002997
713,714,124,150,94,framenr_714_framevid_green_tree_frog_example1,29.97002997002997
714,715,146,144,118,framenr_715_framevid_green_tree_frog_example1,29.97002997002997
715,716,146,66,68,framenr_716_framevid_green_tree_frog_example1,29.97002997002997
716,717,128,88,95,framenr_717_framevid_green_tree_frog_example1,29.97002997002997
717,718,128,92,96,framenr_718_framevid_green_tree_frog_example1,29.97002997002997
718,719,128,96,96,framenr_719_framevid_green_tree_frog_example1,29.97002997002997
719,720,146,142,118,framenr_720_framevid_green_tree_frog_example1,29.97002997002997
720,721,104,84,71,framenr_721_framevid_green_tree_frog_example1,29.97002997002997
721,722,146,142,117,framenr_722_framevid_green_tree_frog_example1,29.97002997002997
722,723,372,264,68,framenr_723_framevid_green_tree_frog_example1,29.97002997002997
723,724,148,148,119,framenr_724_framevid_green_tree_frog_example1,29.97002997002997
724,725,148,148,119,framenr_725_framevid_green_tree_frog_example1,29.97002997002997
725,726,418,118,76,framenr_726_framevid_green_tree_frog_example1,29.97002997002997
726,727,146,138,117,framenr_727_framevid_green_tree_frog_example1,29.97002997002997
727,728,468,188,71,framenr_728_framevid_green_tree_frog_example1,29.97002997002997
728,729,454,136,116,framenr_729_framevid_green_tree_frog_example1,29.97002997002997
729,730,174,122,85,framenr_730_framevid_green_tree_frog_example1,29.97002997002997
730,731,382,216,78,framenr_731_framevid_green_tree_frog_example1,29.97002997002997
731,732,378,216,75,framenr_732_framevid_green_tree_frog_example1,29.97002997002997
732,733,368,220,64,framenr_733_framevid_green_tree_frog_example1,29.97002997002997
733,734,102,82,74,framenr_734_framevid_green_tree_frog_example1,29.97002997002997
734,735,252,50,103,framenr_735_framevid_green_tree_frog_example1,29.97002997002997
735,736,360,236,46,framenr_736_framevid_green_tree_frog_example1,29.97002997002997
736,737,148,50,77,framenr_737_framevid_green_tree_frog_example1,29.97002997002997
737,738,138,124,113,framenr_738_framevid_green_tree_frog_example1,29.97002997002997
738,739,138,126,113,framenr_739_framevid_green_tree_frog_example1,29.97002997002997
739,740,142,132,116,framenr_740_framevid_green_tree_frog_example1,29.97002997002997
740,741,518,254,56,framenr_741_framevid_green_tree_frog_example1,29.97002997002997
741,742,248,36,112,framenr_742_framevid_green_tree_frog_example1,29.97002997002997
742,743,398,200,86,framenr_743_framevid_green_tree_frog_example1,29.97002997002997
743,744,400,200,85,framenr_744_framevid_green_tree_frog_example1,29.97002997002997
744,745,258,26,123,framenr_745_framevid_green_tree_frog_example1,29.97002997002997
745,746,384,206,66,framenr_746_framevid_green_tree_frog_example1,29.97002997002997
746,747,262,24,124,framenr_747_framevid_green_tree_frog_example1,29.97002997002997
747,748,166,100,100,framenr_748_framevid_green_tree_frog_example1,29.97002997002997
748,749,270,36,116,framenr_749_framevid_green_tree_frog_example1,29.97002997002997
749,750,150,118,83,framenr_750_framevid_green_tree_frog_example1,29.97002997002997
750,751,150,118,83,framenr_751_framevid_green_tree_frog_example1,29.97002997002997
751,752,170,112,103,framenr_752_framevid_green_tree_frog_example1,29.97002997002997
752,753,154,62,88,framenr_753_framevid_green_tree_frog_example1,29.97002997002997
753,754,156,64,88,framenr_754_framevid_green_tree_frog_example1,29.97002997002997
754,755,576,284,56,framenr_755_framevid_green_tree_frog_example1,29.97002997002997
755,756,170,114,103,framenr_756_framevid_green_tree_frog_example1,29.97002997002997
756,757,432,216,91,framenr_757_framevid_green_tree_frog_example1,29.97002997002997
757,758,426,216,86,framenr_758_framevid_green_tree_frog_example1,29.97002997002997
758,759,552,306,88,framenr_759_framevid_green_tree_frog_example1,29.97002997002997
759,760,176,114,104,framenr_760_framevid_green_tree_frog_example1,29.97002997002997
760,761,162,148,95,framenr_761_framevid_green_tree_frog_example1,29.97002997002997
761,762,288,30,124,framenr_762_framevid_green_tree_frog_example1,29.97002997002997
762,763,398,236,47,framenr_763_framevid_green_tree_frog_example1,29.97002997002997
763,764,172,90,96,framenr_764_framevid_green_tree_frog_example1,29.97002997002997
764,765,172,90,97,framenr_765_framevid_green_tree_frog_example1,29.97002997002997
765,766,554,304,86,framenr_766_framevid_green_tree_frog_example1,29.97002997002997
766,767,290,40,104,framenr_767_framevid_green_tree_frog_example1,29.97002997002997
767,768,174,90,100,framenr_768_framevid_green_tree_frog_example1,29.97002997002997
768,769,174,90,100,framenr_769_framevid_green_tree_frog_example1,29.97002997002997
769,770,176,102,104,framenr_770_framevid_green_tree_frog_example1,29.97002997002997
770,771,622,212,120,framenr_771_framevid_green_tree_frog_example1,29.97002997002997
771,772,616,204,122,framenr_772_framevid_green_tree_frog_example1,29.97002997002997
772,773,182,108,111,framenr_773_framevid_green_tree_frog_example1,29.97002997002997
773,774,586,230,76,framenr_774_framevid_green_tree_frog_example1,29.97002997002997
774,775,588,220,85,framenr_775_framevid_green_tree_frog_example1,29.97002997002997
775,776,300,4,117,framenr_776_framevid_green_tree_frog_example1,29.97002997002997
776,777,588,220,86,framenr_777_framevid_green_tree_frog_example1,29.97002997002997
777,778,606,200,113,framenr_778_framevid_green_tree_frog_example1,29.97002997002997
778,779,296,8,124,framenr_779_framevid_green_tree_frog_example1,29.97002997002997
779,780,408,222,38,framenr_780_framevid_green_tree_frog_example1,29.97002997002997
780,781,296,18,53,framenr_781_framevid_green_tree_frog_example1,29.97002997002997
781,782,410,218,46,framenr_782_framevid_green_tree_frog_example1,29.97002997002997
782,783,426,218,59,framenr_783_framevid_green_tree_frog_example1,29.97002997002997
783,784,446,220,73,framenr_784_framevid_green_tree_frog_example1,29.97002997002997
784,785,456,230,72,framenr_785_framevid_green_tree_frog_example1,29.97002997002997
785,786,468,238,75,framenr_786_framevid_green_tree_frog_example1,29.97002997002997
786,787,320,66,48,framenr_787_framevid_green_tree_frog_example1,29.97002997002997
787,788,552,216,61,framenr_788_framevid_green_tree_frog_example1,29.97002997002997
788,789,320,56,39,framenr_789_framevid_green_tree_frog_example1,29.97002997002997
789,790,320,68,48,framenr_790_framevid_green_tree_frog_example1,29.97002997002997
790,791,304,80,48,framenr_791_framevid_green_tree_frog_example1,29.97002997002997
791,792,454,276,37,framenr_792_framevid_green_tree_frog_example1,29.97002997002997
792,793,444,268,36,framenr_793_framevid_green_tree_frog_example1,29.97002997002997
793,794,422,254,28,framenr_794_framevid_green_tree_frog_example1,29.97002997002997
794,795,478,228,29,framenr_795_framevid_green_tree_frog_example1,29.97002997002997
795,796,460,174,19,framenr_796_framevid_green_tree_frog_example1,29.97002997002997
796,797,236,74,85,framenr_797_framevid_green_tree_frog_example1,29.97002997002997
797,798,384,222,38,framenr_798_framevid_green_tree_frog_example1,29.97002997002997
798,799,440,230,48,framenr_799_framevid_green_tree_frog_example1,29.97002997002997
799,800,420,242,59,framenr_800_framevid_green_tree_frog_example1,29.97002997002997
800,801,420,238,57,framenr_801_framevid_green_tree_frog_example1,29.97002997002997
801,802,510,206,37,framenr_802_framevid_green_tree_frog_example1,29.97002997002997
802,803,410,226,86,framenr_803_framevid_green_tree_frog_example1,29.97002997002997
803,804,372,192,37,framenr_804_framevid_green_tree_frog_example1,29.97002997002997
804,805,NA,NA,NA,framenr_805_framevid_green_tree_frog_example1,29.97002997002997
805,806,NA,NA,NA,framenr_806_framevid_green_tree_frog_example1,29.97002997002997
806,807,NA,NA,NA,framenr_807_framevid_green_tree_frog_example1,29.97002997002997
807,808,NA,NA,NA,framenr_808_framevid_green_tree_frog_example1,29.97002997002997
808,809,NA,NA,NA,framenr_809_framevid_green_tree_frog_example1,29.97002997002997
809,810,212,106,9,framenr_810_framevid_green_tree_frog_example1,29.97002997002997
810,811,212,106,9,framenr_811_framevid_green_tree_frog_example1,29.97002997002997
811,812,NA,NA,NA,framenr_812_framevid_green_tree_frog_example1,29.97002997002997
812,813,NA,NA,NA,framenr_813_framevid_green_tree_frog_example1,29.97002997002997
813,814,NA,NA,NA,framenr_814_framevid_green_tree_frog_example1,29.97002997002997
814,815,216,112,10,framenr_815_framevid_green_tree_frog_example1,29.97002997002997
815,816,282,116,7,framenr_816_framevid_green_tree_frog_example1,29.97002997002997
816,817,280,124,12,framenr_817_framevid_green_tree_frog_example1,29.97002997002997
817,818,416,208,38,framenr_818_framevid_green_tree_frog_example1,29.97002997002997
818,819,424,212,48,framenr_819_framevid_green_tree_frog_example1,29.97002997002997
819,820,266,132,10,framenr_820_framevid_green_tree_frog_example1,29.97002997002997
820,821,268,136,13,framenr_821_framevid_green_tree_frog_example1,29.97002997002997
